node,l_P,l_Q,v_min,v_max,r,x,I_max,s_max
0,300.0,98.61,0.9,1.1,"[0, 0.924342105263158, 0, 1.0, 0.2105263157894737]","[0, 0.9243421052631579, 0, 1.0, 0.21052631578947367]","[0, 1.0040974656522664e-05, 0, 1.0, 1.0]",648.1755781422191
1,300.0,98.61,0.9,1.1,"[0, 0, 0.3552631578947369, 0, 0]","[0, 0, 0.3552631578947368, 0, 0]","[0, 0, 1.0, 0, 0]",0.0
2,400.0,131.47,0.9,1.1,"[0, 0, 0, 0.9769736842105262, 0]","[0, 0, 0, 0.9769736842105262, 0]","[0, 0, 0, 1.0, 0]",0.0
3,0.0,0.0,0.9,1.1,"[0, 0, 0, 0, 0.9769736842105262]","[0, 0, 0, 0, 0.9769736842105262]","[0, 0, 0, 0, 6.024584793913639e-06]",0.0
4,0.0,0.0,0.9,1.1,"[0, 0, 0, 0, 0]","[0, 0, 0, 0, 0]","[0, 0, 0, 0, 0]",0.0
