node,l_P,l_Q,v_min,v_max,r,x,I_max,s_max
0,50.0,30.99,0.9,1.1,"[0, 0.7924528301886793, 0.5849056603773585, 0]","[0, 0.7924528301886793, 0.5849056603773585, 0]","[0, 1.0, 1.0, 0]",333.35266610603253
1,170.0,105.35000000000001,0.9,1.1,"[0, 0, 0, 0.5849056603773585]","[0, 0, 0, 0.5849056603773585]","[0, 0, 0, 1.0]",0.0
2,200.0,123.94,0.9,1.1,"[0, 0, 0, 1.0]","[0, 0, 0, 1.0]","[0, 0, 0, 1.0]",0.0
3,80.0,49.58,0.9,1.1,"[0, 0, 0, 0]","[0, 0, 0, 0]","[0, 0, 0, 0]",0.0
