node,l_P,l_Q,v_min,v_max,r,x,I_max,s_max
0,70.0,70.0,1.05,1.05,"[0, 0.5000000000000001, 0, 0.24999999999999997, 0.39999999999999997, 0]","[0, 0.5, 0, 0.5, 0.7499999999999999, 0]","[0, 0.4444444444444445, 0, 0.6666666666666666, 0.4444444444444445, 0]",116.61903789690601
1,70.0,70.0,1.05,1.05,"[0, 0, 0.24999999999999997, 0.24999999999999997, 0.5000000000000001, 0.35]","[0, 0, 0.6249999999999999, 0.25000000000000006, 0.7499999999999999, 0.5]","[0, 0, 0.4444444444444445, 0.6666666666666666, 0.3333333333333333, 1.0]",0.0
2,70.0,70.0,1.07,1.07,"[0, 0, 0, 0, 0.5999999999999999, 0.09999999999999999]","[0, 0, 0, 0, 0.6499999999999999, 0.25000000000000006]","[0, 0, 0, 0, 0.7777777777777777, 0.888888888888889]",0.0
3,0.0,0.0,0.95,1.05,"[0, 0, 0, 0, 1.0, 0]","[0, 0, 0, 0, 1.0, 0]","[0, 0, 0, 0, 0.22222222222222224, 0]",0.0
4,0.0,0.0,0.95,1.05,"[0, 0, 0, 0, 0, 0.5000000000000001]","[0, 0, 0, 0, 0, 0.7499999999999999]","[0, 0, 0, 0, 0, 0.4444444444444445]",0.0
5,0.0,0.0,0.95,1.05,"[0, 0, 0, 0, 0, 0]","[0, 0, 0, 0, 0, 0]","[0, 0, 0, 0, 0, 0]",0.0
